country,abr,co2_prod,coef_ineq,diff_hdi_phdi,gdi,gii,hdi,ihdi,ineq_edu,ineq_inc,ineq_le,lfpr_f,lfpr_m,loss,mf,mmr,phdi,pr_f,pr_m,se_f,se_m,continent
Afghanistan,82.565,0.312376488,19.683580538139257,0.836820084,0.681,0.678,0.478,0.42151037773547034,45.36517,-12.479795530745466,26.16536713,14.848,66.515,19.47477626909344,1.38,638.0,0.474,27.21518987,72.78481013,6.395730019,14.86571026,Asia
Albania,14.517,1.575753953,10.76768488,7.16080402,1.007,0.144,0.796,0.71,12.33344,13.17898,6.790634632,50.733,66.154,10.8040201,12.96,15.0,0.739,35.71428571,64.28571429,95.38750547,93.03841453,Europe
Algeria,11.714,3.534590875,19.07287475,7.785234899,0.88,0.499,0.745,0.598,33.28262,11.5052,12.43080425,15.684,64.48,19.73154362,11.21,112.0,0.687,7.481751825,92.51824818,46.04397589,56.92760312,Africa
Andorra,5.887,6.034944671,17.203646013990575,10.924719234557152,0.9948601281993481,0.1620403565227474,0.858,0.714452073259533,10.00815435,36.30487395471151,5.297909737,52.50829051679313,70.18898229391654,17.9542101485208,14.049766177998725,2.0,0.7631153477768727,46.42857143,53.57142857,70.66585436,72.42209721,Europe
Angola,138.402,0.675409733,30.41216757,1.535836177,0.903,0.537,0.586,0.407,34.17144,28.87733,28.1877327,73.968,79.071,30.54607509,2.18,241.0,0.577,29.54545455,70.45454545,28.1639,51.54617,Africa
Antigua and Barbuda,33.11,4.395122997,17.83485914249303,10.575379568290892,0.9726168890640657,0.2775397476211093,0.788,0.649303803256917,20.641627217563965,28.11664426597594,4.746305943,49.94834445272013,71.61426428895136,18.547535739929433,15.832819977794811,42.0,0.6988912860401146,31.42857143,68.57142857,61.05966165282422,64.52079059786001,America
Argentina,39.065,3.473291552,13.83730084,9.857482185,0.997,0.287,0.842,0.72,5.78729,28.099767,7.624845505,50.01,71.603,14.48931116,15.81,39.0,0.759,44.3768997,55.6231003,70.95140102,71.41679445,America
Armenia,18.511,1.987788379,9.136398122,4.216073781,1.001,0.216,0.759,0.688,2.93495,17.43837,7.035874367,42.663,63.004,9.354413702,5.95,26.0,0.727,33.64485981,66.35514019,96.00138092,97.05095673,Asia
Australia,8.096,15.36837971,7.640183183,33.01787592,0.968,0.073,0.951,0.876,3.056569899,17.126,2.73797965,61.057,70.547,7.886435331,46.82,6.0,0.637,37.88546256,62.11453744,94.58006287,94.43006897,Oceania
Austria,5.521,6.732425105,6.904079795,16.37554585,0.98,0.053,0.916,0.851,2.52241,14.93291,3.256919384,55.514,66.283,7.096069869,24.62,5.0,0.766,39.3442623,60.6557377,100.0,100.0,Europe
Azerbaijan,40.079,3.720272365,7.915732963,7.651006711,0.974,0.294,0.745,0.685,3.56506161,8.859,11.32313728,60.366,67.342,8.053691275,10.56,26.0,0.688,18.18181818,81.81818182,93.6227417,97.56490326,Asia
Bahamas,25.686,5.944655227,17.78325180525419,21.92118227,1.0184392779072995,0.329,0.812,0.6658984392014451,6.917101819,37.693556013199775,8.739097595,65.627,71.486,18.408746156674823,37.8,70.0,0.634,20.0,80.0,86.99974025,89.93165835,America
Bahrain,8.676,20.54572969,17.275658436647518,26.05714286,0.927,0.181,0.875,0.7367727603471084,12.56789221,34.752342521897255,4.50674057,42.361,83.531,17.999518632351794,23.83,14.0,0.647,18.75,81.25,79.90357208,83.08016205,Asia
Bangladesh,75.496,0.563737615,23.13718939,1.815431165,0.898,0.53,0.661,0.503,37.31177,16.55655,15.54324818,34.869,78.782,23.903177,2.88,173.0,0.649,20.85714286,79.14285714,50.61270905,58.54695892,Asia
Barbados,42.297,3.781470204,15.71572331,10.524935799524945,1.034,0.268,0.79,0.657,5.54685,33.58537775,8.014942169,56.055,63.727,16.83544304,16.66841266693276,27.0,0.70879273748009,29.41176471,70.58823529,95.38591214,86.00105471,America
Belarus,11.85,6.07931383,5.255721395,7.054455446,1.011,0.104,0.808,0.765,2.77203,9.64549,3.349644184,57.311,71.387,5.321782178,5.59,2.0,0.751,34.70588235,65.29411765,97.47853851,99.02928162,Europe
Belgium,5.33,7.226205719,6.587387026,20.81109925,0.978,0.048,0.937,0.874,5.87561,10.30447,3.582081079,49.842,58.812,6.723585912,33.45,5.0,0.742,42.85714286,57.14285714,87.21031952,89.70520782,Europe
Belize,57.127,1.465666402,20.6622413,6.734992679,0.975,0.364,0.683,0.535,14.81278,37.92633,9.247613907,46.897,76.752,21.66910688,12.21,36.0,0.637,19.56521739,80.43478261,54.48728943,49.83901978,America
Benin,92.259,0.552890326,36.1098793,1.904761905,0.88,0.602,0.525,0.334,43.69355,31.97436,32.66172791,69.334,72.599,36.38095238,3.4,397.0,0.515,8.43373494,91.56626506,21.06531874,34.43517121,Africa
Bhutan,18.977,2.495308499,27.70138498,16.96696697,0.937,0.415,0.666,0.471,48.22657529,19.95514103,14.92243862,51.625,67.397,29.27927928,32.43,183.0,0.553,16.66666667,83.33333333,23.56883049,32.3101387,Asia
Bolivia (Plurinational State of),63.792,1.773319863,20.47608422,6.502890173,0.964,0.418,0.692,0.549,16.54294,26.863258,18.02205467,68.283,83.765,20.66473988,11.32,155.0,0.647,48.19277108,51.80722892,60.10496902,69.68730927,America
Bosnia and Herzegovina,9.86,6.528247977,12.97720744,11.41025641,0.94,0.136,0.78,0.677,14.78890508,20.16037,3.98234725,32.257,52.351,13.20512821,14.44,10.0,0.691,24.56140351,75.43859649,82.73858643,94.02471924,Europe
Botswana,49.324,2.772080776,19.040508633565143,8.658008658,0.981,0.468,0.693,0.5585739953978235,23.27683,12.279765959880438,21.56492996,56.282,65.148,19.413080944728943,14.19,144.0,0.633,10.76923077,89.23076923,91.28,91.78,Africa
Brazil,45.2,2.198836949,22.31580091,10.34482759,0.994,0.39,0.754,0.576,15.65257,41.306376,9.988456726,49.11,68.24,23.60742706,18.87,60.0,0.676,14.81481481,85.18518519,62.44875545,59.09576637,America
Brunei Darussalam,9.978,23.22054316,17.485369994231593,56.81544029,0.984,0.259,0.829,0.6968939255559641,18.74886554659273,26.203804547072984,7.503439903,54.069,72.339,18.233602966233217,85.7,31.0,0.358,9.090909091,90.90909091,70.44,71.2,Asia
Bulgaria,38.605,5.388845994,11.37176091,10.94339623,0.995,0.21,0.795,0.701,5.93179,23.00311,5.180382729,49.143,62.636,11.82389937,15.02,10.0,0.708,23.75,76.25,94.88394165,96.54078674,Europe
Burkina Faso,110.509,0.189903275,29.27530611,1.559020045,0.903,0.621,0.449,0.315,39.15279412,17.31173505,31.36138916,57.237,72.725,29.844098,2.96,320.0,0.442,6.299212598,93.7007874,11.28843615,17.11972185,Africa
Burundi,53.621,0.050642582,28.67465287,0.938967136,0.935,0.505,0.426,0.302,39.48821,20.92933,25.60641861,78.991,77.379,29.10798122,1.71,548.0,0.422,38.88888889,61.11111111,7.799910319,13.04688639,Africa
Cabo Verde,55.228,0.98910586,19.309754235852118,9.87312572297044,0.981,0.349,0.662,0.5332041772081865,27.38759118,21.74731041354525,8.794361115,46.91,61.705,19.97592793866724,19.644126904803677,58.0,0.5875779667265288,38.88888889,61.11111111,28.77587928,31.23702564,Africa
Cambodia,45.453,0.916659614,19.00450602,3.372681282,0.926,0.461,0.593,0.479,27.30485,14.34211,15.36655807,73.96,85.918,19.22428331,5.7,160.0,0.573,19.78609626,80.21390374,18.32,31.7,Asia
Cameroon,110.378,0.259524431,31.72993835,1.215277778,0.885,0.565,0.576,0.393,31.71699,34.98911,28.48371506,70.154,80.747,31.77083333,2.13,529.0,0.569,31.07142857,68.92857143,36.84196776,54.95841188,Africa
Canada,6.978,14.19693746,7.901529772,26.6025641,0.988,0.069,0.936,0.86,2.521,17.077,4.106589317,60.801,69.741,8.11965812,35.05,10.0,0.687,34.41860465,65.58139535,100.0,100.0,America
Central African Republic,160.507,0.038906639,40.13981348,0.742574257,0.81,0.672,0.404,0.24,35.19785,49.19459,36.02700043,63.312,79.486,40.59405941,1.57,829.0,0.401,12.85714286,87.14285714,13.94,31.56,Africa
Chad,138.306,0.055540457,35.99797978,3.807106599,0.77,0.652,0.394,0.251,42.9329,26.50219,38.55884933,46.914,69.927,36.29441624,8.26,1140.0,0.379,32.25806452,67.74193548,7.739064493,24.36999639,Africa
Chile,24.082,4.24621503,14.97303049,9.356725146,0.967,0.187,0.855,0.722,11.73821662,28.273047,4.907827854,44.172,65.547,15.55555556,13.5,13.0,0.775,32.68292683,67.31707317,80.2849261,83.47512015,America
China,11.048,7.411735759,14.77805961,15.625,0.984,0.192,0.768,0.651,11.68,27.391,5.263178825,61.612,74.29,15.234375,21.96,29.0,0.648,24.94117647,75.05882353,78.28194698,85.35439944,Asia
Colombia,59.034,1.751176049,20.57743344,5.45212766,0.984,0.424,0.752,0.589,14.64929,37.712196,9.370814323,52.182,77.998,21.67553191,9.09,83.0,0.711,19.63636364,80.36363636,58.85783005,56.54455185,America
Comoros,58.173,0.29721677,43.06900853,10.040244636327493,0.891,0.61299052184212,0.558,0.31,47.61438,56.01338,25.57926559,32.119,54.534,44.44444444,21.096298587392106,273.0,0.48043515251502106,16.66666667,83.33333333,20.55541836675345,29.849520371595077,Africa
Congo,103.633,0.564833429,24.30610437,1.22591944,0.934,0.564,0.571,0.432,20.93222,30.99925,20.98684311,65.062,67.605,24.34325744,1.88,378.0,0.564,13.63636364,86.36363636,47.98,51.98,Africa
Congo (Democratic Republic of the),108.962,0.027660353,28.68733521,1.252609603,0.885,0.601,0.479,0.341,26.76947,27.63249,31.66004562,61.209,69.065,28.81002088,2.75,473.0,0.473,14.28571429,85.71428571,40.27580654,69.11574797,Africa
Costa Rica,37.148,1.552260862,16.96065133,7.787391842,0.996,0.256,0.809,0.664,11.57677,33.41354,5.891644001,47.527,71.142,17.92336218,14.43,27.0,0.746,45.61403509,54.38596491,56.2360611,54.53149033,America
Croatia,8.637,4.136637154,6.984191534,10.95571096,0.995,0.093,0.858,0.797,4.24197,12.9537,3.756904602,45.925,58.751,7.10955711,17.06,8.0,0.764,31.12582781,68.87417219,96.9785849,100.0,Europe
Cuba,48.82,1.779198659,17.883624972413028,5.628272251,0.961,0.303,0.764,0.6205229090180151,9.09712,39.925692684159074,4.628062248,40.285,68.454,18.825197770272293,9.19,36.0,0.721,53.41296928,46.58703072,89.50523473,91.93527564,America
Cyprus,6.827,5.380504059,8.399155342,20.98214286,0.972,0.123,0.896,0.819,9.5209,13.03255,2.644016027,56.648,68.766,8.59375,36.58,6.0,0.708,14.28571429,85.71428571,81.13751221,84.81717682,Asia
Czechia,9.709,8.215039321,4.378451583,15.86051744,0.989,0.12,0.889,0.85,1.25563,8.7672,3.112524748,51.668,68.064,4.386951631,21.3,3.0,0.748,22.06405694,77.93594306,99.83693695,99.78072357,Europe
CÃ´te d'Ivoire,104.968,0.381780097,34.3359808,1.818181818,0.887,0.613,0.55,0.358,45.60904,27.04145,30.35745239,45.92,64.893,34.90909091,3.26,617.0,0.54,15.58073654,84.41926346,23.87971266,32.16237494,Africa
Denmark,1.908,4.522442415,5.186913722,15.29535865,0.98,0.013,0.948,0.898,2.50376,10.05068,3.006301165,57.721,66.653,5.274261603,25.86,4.0,0.803,39.66480447,60.33519553,95.06726074,95.23809814,Europe
Djibouti,22.722,0.355728745,24.099487743922072,7.662082515,0.8789739405189037,0.4094639215577987,0.509,0.3800616280289468,18.849203935559235,27.74495175,25.70430756,17.218,44.147,24.808466000625092,15.86,248.0,0.47,26.15384615,73.84615385,72.13793609478017,77.53535276600925,Africa
Dominica,38.49,1.934403912,18.61085102493936,9.900194447200384,0.9638594862830285,0.29196058866550345,0.72,0.5913088686874985,19.609780207141252,27.270306857637763,8.952466011,51.94251391519457,70.69368279985501,19.244085303585607,18.23062757237087,93.72059222373608,0.6385782414355422,34.375,65.625,59.8484763074821,64.05548532859879,America
Dominican Republic,65.629,2.559875589,19.4119047,6.258148631,1.014,0.429,0.767,0.618,15.04513,25.628189,17.5623951,49.577,75.162,19.42633638,9.54,95.0,0.719,25.67567568,74.32432432,77.42735419,76.94311955,America
Ecuador,63.163,1.753199871,17.76487784,4.864864865,0.98,0.362,0.74,0.604,13.3739,31.050541,8.870192528,53.344,76.519,18.37837838,7.74,59.0,0.704,39.41605839,60.58394161,53.01758957,52.00579071,America
Egypt,44.767,2.085874268,28.03942983,5.335157319,0.882,0.443,0.731,0.519,36.94291,36.503,10.67237949,15.385,67.088,29.00136799,8.22,37.0,0.692,22.86995516,77.13004484,81.57427958,76.60529677,Africa
El Salvador,55.89,0.944111387,18.60811171,3.407407407,0.964,0.376,0.675,0.548,23.7938081,22.481244,9.549283028,43.579,72.57,18.81481481,5.87,46.0,0.652,27.38095238,72.61904762,42.65145111,51.43286896,America
Equatorial Guinea,139.706,7.316756772,19.696259344826693,12.75167785,0.9259884953255824,0.5503937962799521,0.596,0.48667790101590225,13.928046394992009,15.075858472385402,30.0848732,49.926,58.483,19.69073535727656,15.89,301.0,0.52,20.34883721,79.65116279,66.36352653363298,71.15712724774579,Africa
Eritrea,64.356,0.203678582,18.79471121014954,1.829268293,0.9416501048900157,0.41901109637010037,0.492,0.4178621629879917,16.881807542623406,19.237246589177555,20.2650795,70.183,83.622,18.757423274494315,3.47,480.0,0.483,22.0,78.0,55.95503700090727,62.840736432596614,Africa
Estonia,8.764,7.879475476,6.647519602,23.14606742,1.021,0.1,0.89,0.829,2.02737,14.98963,2.925558805,57.453,70.169,6.853932584,37.53,9.0,0.684,25.74257426,74.25742574,97.55341339,98.1432724,Europe
Eswatini (Kingdom of),69.934,0.823831803,28.60195229,10.48819294119962,0.986,0.54,0.597,0.424,24.10655,37.9,23.79930687,45.622,53.606,28.97822446,21.27430661759277,437.0,0.5236676767884421,18.44660194,81.55339806,33.98,36.16,Africa
Ethiopia,69.221,0.127560389,25.99192684,0.401606426,0.921,0.52,0.498,0.363,42.77036,12.07582,23.12960052,72.335,84.683,27.10843373,0.47,401.0,0.496,39.543058,60.456942,9.137025833,20.10887527,Africa
Fiji,26.843,1.554361952,18.25471094635289,9.645246686150955,0.931,0.318,0.73,0.6059351952134207,2.636659279,36.889505122985234,15.23796844,37.701,75.257,18.69595246373405,18.32840348135725,34.0,0.6546118022335414,21.56862745,78.43137255,90.21557827,87.89150171,Oceania
Finland,4.159,7.090703013,5.224387065,22.23404255,0.989,0.033,0.94,0.89,2.41555,10.48338,2.774231195,56.46,64.029,5.319148936,36.73,3.0,0.731,46.0,54.0,98.9862418,98.45397,Europe
France,9.529,4.23807293,8.485328055,11.07419712,0.99,0.083,0.903,0.825,7.72173,13.91798,3.816274166,51.897,59.675,8.637873754,17.1,8.0,0.803,37.83783784,62.16216216,83.53661346,87.89122009,Europe
Gabon,91.176,1.931138222,21.46330738,5.66572238,0.908,0.541,0.706,0.554,23.47992,21.2138981,19.69610405,39.117,57.012,21.52974504,9.15,252.0,0.666,18.66028708,81.33971292,67.2082324,83.98536007,Africa
Gambia,63.188,0.206859196,29.27151682,2.0,0.924,0.611,0.5,0.348,47.00005,17.46726,23.34724045,48.917,66.259,30.4,3.77,597.0,0.49,8.620689655,91.37931034,29.91536713,43.19478226,Africa
Georgia,31.654,2.498792354,11.41161372,6.608478803,1.007,0.28,0.802,0.706,2.784805013,24.85,6.600036144,50.995,68.03,11.97007481,10.35,25.0,0.749,19.33333333,80.66666667,97.14543915,98.2853775,Asia
Germany,7.465,7.690141865,6.177129593,14.64968153,0.978,0.073,0.942,0.883,2.6632,12.46003,3.408158779,56.843,66.041,6.263269639,19.4,7.0,0.804,34.7826087,65.2173913,96.07321988,96.46214387,Europe
Ghana,64.176,0.514959318,27.33194806,2.215189873,0.946,0.529,0.632,0.458,35.10167,24.14249,22.75168419,64.527,72.234,27.53164557,3.92,308.0,0.618,14.54545455,85.45454545,57.9802799,73.21096064,Africa
Greece,8.479,5.01149663,10.66271436,10.7102593,0.969,0.119,0.887,0.791,11.73784,16.63777,3.612533092,43.297,58.108,10.82299887,15.17,3.0,0.792,21.66666667,78.33333333,69.86016083,77.78988647,Europe
Grenada,32.72,2.620175431,18.525600535539382,10.023057776721721,0.9594494410641117,0.29759656091067443,0.795,0.651007403440351,19.284599820683795,26.658277304451083,9.633924484,49.0495997793565,70.3695820155221,19.166227326346537,17.43702442331569,25.0,0.7083611404796927,32.14285714,67.85714286,61.2388231421565,65.19296061409997,America
Guatemala,64.054,1.05706389,26.12651356,4.146730463,0.917,0.481,0.627,0.46,34.95493,29.56,13.86461067,37.363,80.268,26.63476874,7.24,95.0,0.601,19.375,80.625,29.45459938,35.83335876,America
Guinea,114.829,0.258436989,34.33844766,2.365591398,0.85,0.621,0.465,0.299,50.12411,17.83777,35.05346298,62.061,62.188,35.69892473,4.77,576.0,0.454,16.66666667,83.33333333,7.151153164,19.66277119,Africa
Guinea-Bissau,87.537,0.145716389,36.50182103,9.553435246490327,0.867,0.627,0.483,0.306,42.08704,37.9,29.51842308,63.868,78.373,36.64596273,20.314460595370903,667.0,0.4031973179509261,13.7254902,86.2745098,9.798909187,22.79538155,Africa
Guyana,66.556,2.813164292,17.094939,10.660839460220634,0.978,0.454,0.714,0.591,10.42545,25.1,15.75936699,40.304,64.097,17.22689076,18.547448962636068,169.0,0.6331423941651678,35.71428571,64.28571429,69.5281601,62.23261261,America
Haiti,52.545,0.256039713,38.1192817,1.308411215,0.898,0.635,0.535,0.327,37.33677,50.43867,26.58240509,60.686,68.93,38.87850467,2.4,480.0,0.528,2.739726027,97.26027397,27.94,40.96,America
Honduras,71.972,0.975263329,22.2190672,3.542673108,0.96,0.431,0.621,0.479,21.61233,34.911526,10.1333456,42.33,78.94,22.86634461,6.06,65.0,0.599,27.34375,72.65625,35.84704971,44.83575058,America
"Hong Kong, China (SAR)",1.584,4.16685063,12.42997802,10.238041034360045,0.976,0.18538087811436565,0.952,0.828,9.671619265,25.56271964,2.05559516,53.524,65.771,13.02521008,15.495642922667177,2.0,0.8527832821563298,24.70031588073877,75.29968411906869,77.10043335,83.36814117,Asia
Hungary,22.148,4.99728219,6.37034972,10.75650118,0.987,0.221,0.846,0.792,2.86309,12.29405,3.953909159,52.064,67.21,6.382978723,15.27,12.0,0.755,13.06532663,86.93467337,97.61313629,98.82952881,Europe
Iceland,5.395,8.603839493,4.556437474,33.99374348,0.976,0.043,0.959,0.915,2.20077,9.51407,1.954472423,61.671,70.463,4.588112617,59.61,4.0,0.633,47.61904762,52.38095238,99.76841736,99.66255188,Europe
India,17.234,1.769409088,24.39381027,3.791469194,0.849,0.49,0.633,0.475,36.87573,19.369,16.93670082,19.233,70.092,24.96050553,5.23,133.0,0.609,13.44430218,86.55569782,41.82268012,53.83470565,Asia
Indonesia,33.929,2.155208427,16.86744309,4.680851064,0.941,0.444,0.705,0.585,17.25001669,20.11727,13.23504257,53.704,81.668,17.0212766,6.77,177.0,0.672,21.04347826,78.95652174,51.00518036,58.21279907,Asia
Iran (Islamic Republic of),30.155,8.870210046,11.07722438,12.53229974,0.88,0.459,0.774,0.686,4.984428444,19.71428189,8.532962799,14.354,68.086,11.36950904,13.16,16.0,0.677,5.594405594,94.40559441,71.59315863,75.97091206,Asia
Iraq,62.192,5.241572172,18.80229155,9.329446064,0.803,0.558,0.686,0.554,29.74591,12.67895,13.98201466,11.078,71.763,19.24198251,11.87,79.0,0.622,28.87537994,71.12462006,42.03605395,52.86165844,Asia
Ireland,5.941,6.753775883,6.161783203,27.83068783,0.987,0.074,0.945,0.886,3.39666,12.26296,2.825729609,56.526,68.573,6.243386243,49.25,5.0,0.682,27.27272727,72.72727273,88.12758125,85.95681296,Europe
Israel,7.614,6.510389017,10.86813024,19.04243743,0.992,0.083,0.919,0.815,6.272,23.134,3.198390722,58.518,66.075,11.31664853,30.76,3.0,0.744,28.33333333,71.66666667,91.55364866,93.70608839,Asia
Italy,3.993,5.02491109,11.22130912,9.162011173,0.97,0.056,0.895,0.791,10.05442,20.87235,2.737157345,39.89,57.592,11.62011173,11.85,2.0,0.813,35.26315789,64.73684211,78.6272583,86.09230804,Europe
Jamaica,32.764,2.508977035,15.73566602,6.488011283,0.99,0.335,0.709,0.591,6.51579,31.96616,8.725048065,56.095,70.003,16.64315938,9.95,80.0,0.663,30.95238095,69.04761905,74.33101903,66.38198168,America
Japan,2.903,8.149938667,7.894689109,14.37837838,0.97,0.083,0.925,0.85,4.511,16.662889,2.510178328,53.3,71.031,8.108108108,18.18,5.0,0.792,14.24541608,85.75458392,95.86,92.72,Asia
Jordan,25.369,2.497997184,14.20510318,5.138888889,0.887,0.471,0.72,0.617,15.44186,17.91185,9.261599541,13.469,62.322,14.30555556,7.03,46.0,0.683,11.79487179,88.20512821,77.37870026,84.21157074,Asia
Kazakhstan,21.877,15.51581435,6.925083065,27.25030826,0.998,0.161,0.811,0.755,3.16666,10.33987,7.268719196,63.27,75.518,6.905055487,34.41,10.0,0.59,24.51612903,75.48387097,99.82169344,99.98009664,Asia
Kenya,64.185,0.300273588,25.6850841,2.434782609,0.941,0.506,0.575,0.426,22.89552,33.14821,21.01152229,70.984,75.564,25.91304348,4.62,342.0,0.561,23.24455206,76.75544794,31.07780546,37.66723653,Africa
Kiribati,40.477,0.56992524,17.15409705,10.04143784298206,0.9254850350027477,0.4231979429261687,0.624,0.516,9.63653,19.35687,22.46889114,45.33876031766747,65.27156967416879,17.30769231,20.69450136630885,92.0,0.5572666695803411,6.666666667,93.33333333,75.53725758652308,79.42574992270937,Oceania
Korea (Democratic People's Rep. of),2.325,1.13702274,20.00292244394772,1.189906216695349,1.0005865794504445,0.30078852687557445,0.6728094583501605,0.5396762494474665,16.785571225476584,32.26219375326617,10.96100235,77.185,86.141,20.451160168148057,0.75,89.0,0.6680180537059223,17.61280932,82.38719068,59.33086090455546,64.72268812004495,Asia
Korea (Republic of),2.211,11.65622391,9.264535208,18.7027027,0.944,0.067,0.925,0.838,8.836042338,16.13,2.827563286,53.391,72.448,9.405405405,22.01,11.0,0.752,19.0,81.0,83.08193619,93.09085515,Asia
Kuwait,5.638,20.82510746,17.161876900804803,45.60770156,1.009,0.305,0.831,0.6916780126151884,22.10817735,23.822108777348063,5.555344582,47.428,83.804,17.84590986941366,65.32,12.0,0.452,1.538461538,98.46153846,60.90419675,55.1536148,Asia
Kyrgyzstan,34.697,1.763865121,9.226713037,4.913294798,0.966,0.37,0.692,0.627,3.36425,13.83059,10.48529911,42.141,71.67,9.393063584,7.82,60.0,0.658,20.45454545,79.54545455,100.0,99.80193376,Asia
Lao People's Democratic Republic,73.175,4.652122998,24.17681998,7.907742998,0.949,0.478,0.607,0.459,31.31796,20.58334,20.62915993,74.785,78.093,24.38220758,9.64,185.0,0.559,21.95121951,78.04878049,37.66,47.74,Asia
Latvia,11.216,3.590715291,7.961744167,17.03360371,1.025,0.151,0.863,0.792,2.22774,17.45024,4.207252502,54.542,66.827,8.227114716,31.04,19.0,0.716,29.0,71.0,99.7160358,99.27289181,Europe
Lebanon,20.306,3.804777564,17.672571513886982,8.498583569,0.882,0.432,0.706,0.5817461076628262,6.177,41.28348691787547,5.557227612,20.75,64.332,18.241724527924593,12.4,29.0,0.646,4.6875,95.3125,54.31374759,55.56182719,Asia
Lesotho,89.568,1.019209252,27.39429777,10.37906057556817,0.985,0.557,0.514,0.372,19.55712,29.57664,33.0491333,56.071,71.343,27.62645914,20.7268929652193,544.0,0.4414029259000344,22.87581699,77.12418301,27.18479273,24.55728122,Africa
Liberia,123.38,0.199498545,30.66384255,1.455301455,0.871,0.648,0.481,0.33,42.11968,19.74577,30.12607765,69.782,79.717,31.39293139,2.71,661.0,0.474,9.708737864,90.29126214,20.76,39.16,Africa
Libya,6.93,7.381523009,18.185582342387526,12.81337047,0.975,0.259,0.718,0.5886912683545878,17.39136439885792,29.341345546217777,7.824037075,34.119,60.969,19.09196191474867,16.08,72.0,0.626,15.95744681,84.04255319,70.4920975,45.05386134,Africa
Liechtenstein,3.019,3.698331935,17.516036367039007,10.46081185111339,0.9576163351221236,0.25125090054212995,0.935,0.7755375677304118,19.926236098846484,27.882341007146493,4.739531994,43.24046246782782,68.89018595495475,18.25500879934522,16.711207831894285,2.0,0.8361519000184827,28.0,72.0,63.70012937582832,67.38587095381763,Europe
Lithuania,10.377,5.069079734,8.316025071,22.4,1.03,0.105,0.875,0.8,3.57741,17.05362,4.317045212,57.338,67.865,8.571428571,40.13,8.0,0.679,27.65957447,72.34042553,95.53431702,97.90854645,Europe
Luxembourg,4.304,13.05892539,8.413193197,30.64516129,0.993,0.044,0.93,0.85,4.71707,16.6522,3.870309591,58.481,65.544,8.602150538,45.47,5.0,0.645,35.0,65.0,100.0,100.0,Europe
Madagascar,119.429,0.132880633,26.85263932,0.798403194,0.956,0.556,0.501,0.367,29.34582,27.557,23.65509796,81.531,87.595,26.74650699,1.51,335.0,0.497,17.15976331,82.84023669,27.31361738,29.75999953,Africa
Malawi,117.865,0.072922295,26.32042065,0.78125,0.968,0.554,0.512,0.377,28.00731,31.27695,19.67700195,71.559,79.953,26.3671875,1.71,349.0,0.508,22.91666667,77.08333333,21.30387863,28.44226027,Africa
Malaysia,9.271,8.422647483,17.325033290907555,15.19302615,0.982,0.228,0.803,0.665424241662237,12.06360206,33.90897056631295,6.002527237,51.188,77.551,17.942913414059344,19.59,29.0,0.681,14.85507246,85.14492754,75.03938293,78.43251801,Asia
Maldives,7.291,3.32350373,19.76629861,9.85653652319726,0.925,0.348,0.747,0.594,29.31948,25.8459,4.133515835,34.326,67.494,20.48192771,15.983933532618916,53.0,0.6720755884124022,4.597701149,95.40229885,46.40092391,41.46901102,Asia
Mali,150.062,0.167400521,31.07790617,2.336448598,0.887,0.613,0.428,0.291,43.85965,16.56372,32.81034851,57.678,79.673,32.00934579,4.57,562.0,0.418,27.27272727,72.72727273,7.999770164,15.48596954,Africa
Malta,11.484,3.612105729,7.425981436,21.56862745,0.98,0.167,0.918,0.849,5.19238,13.85802,3.227544308,53.084,71.413,7.516339869,40.67,6.0,0.72,13.43283582,86.56716418,82.18309021,88.08731842,Europe
Marshall Islands,58.035,2.555837135,17.967989326796644,9.908649480596296,0.9613524583143405,0.41676728113507555,0.639,0.5373801674434077,4.779338113,31.663682829522543,17.46094704,47.7530785108979,65.63152699526147,18.24131030486959,17.31406421046576,183.05879489509906,0.5687712577250895,6.060606061,93.93939394,91.6442337,92.46858215,Oceania
Mauritania,78.013,0.726332991,29.02167279,4.136690647,0.89,0.632,0.556,0.389,43.98689,17.33987,25.73825836,27.396,62.19,30.03597122,7.75,766.0,0.533,20.26143791,79.73856209,14.46704956,21.91646074,Africa
Mauritius,24.564,3.129029823,16.9101772,10.398857223206509,0.973,0.347,0.802,0.666,21.91298205,18.18098242,10.63656712,43.404,70.448,16.95760599,17.464419085361385,61.0,0.7126371807005086,20.0,80.0,64.41497911,70.77324941,Africa
Mexico,54.369,2.76863785,17.59461132,7.124010554,0.989,0.309,0.758,0.621,13.48795481,29.798888,9.496991158,43.809,75.415,18.07387863,10.85,33.0,0.704,49.84076433,50.15923567,65.05142212,66.72071075,America
Micronesia (Federated States of),35.835,1.282352225,18.499411238137853,9.461313208942828,0.9381835369510126,0.4100440744243715,0.628,0.5208819552959691,15.216601884246638,26.38098943,13.9006424,43.959472671363976,67.96942278322204,18.862546313361303,18.32507353445255,88.0,0.5607351362055389,7.142857143,92.85714286,65.98620791648707,69.67413132094099,Oceania
Moldova (Republic of),27.795,1.275891722,7.297466136,2.477183833,1.01,0.205,0.767,0.711,2.570094084,10.43722208,8.885082245,33.877,43.932,7.301173403,3.41,19.0,0.748,39.6039604,60.3960396,96.11180878,97.96125793,Europe
Monaco,7.162,4.671121986557277,17.221958532503027,10.709912184761285,0.9644611151696725,0.2314562661796301,0.7932570695034069,0.658489451872893,19.68538381660608,28.552059075414252,3.428432703,44.97044015505719,70.13948495870001,18.011674738999425,15.701411893010308,2.0,0.7033031997819772,33.33333333,66.66666667,63.06438572682864,66.5780600518654,Europe
Mongolia,26.708,26.97802818,12.72536745,24.62787551,1.031,0.313,0.739,0.644,11.88363,16.94628,9.34619236,51.495,66.572,12.85520974,10.62,45.0,0.557,17.10526316,82.89473684,79.25840759,73.04766846,Asia
Montenegro,10.361,3.677798193,9.010792996,10.178677432430376,0.981,0.119,0.832,0.756,7.81501,16.92405,2.293318987,47.817,62.006,9.134615385,16.13960878359881,6.0,0.7436777886217115,24.69135802,75.30864198,92.31310231,99.24184464,Europe
Morocco,25.936,1.74845085,25.09769131,4.538799414,0.861,0.425,0.683,0.504,41.87093,22.50352,10.91862392,22.009,65.95,26.2079063,6.95,70.0,0.652,20.38834951,79.61165049,30.92,37.12,Africa
Mozambique,165.778,0.210232236,32.40842271,1.121076233,0.922,0.537,0.446,0.3,40.5314308,28.39454,28.29929733,77.657,78.931,32.73542601,2.19,289.0,0.441,42.4,57.6,10.80922139,20.23368486,Africa
Myanmar,33.043,0.667627891,18.8183385844798,1.367521368,0.944,0.498,0.585,0.48178412250969593,26.85272,8.379450647223921,21.22284508,40.987,69.962,18.861299975718122,2.06,250.0,0.577,14.97659906,85.02340094,38.50756836,47.8025589,Asia
Namibia,64.944,1.525913011,32.83945475,6.666666667,1.004,0.445,0.615,0.402,25.01567,53.58558,19.91711426,54.532,62.181,34.63414634,11.92,195.0,0.574,35.61643836,64.38356164,41.50391738,44.13780034,Africa
Nauru,72.479,5.241223208,17.224889422879794,10.670317276667605,0.9451736697155657,0.43933162680247373,0.6940657345420855,0.5898270477337113,15.611715149247907,22.60355103600431,13.45940208,50.71197785461877,72.11817728362948,17.43946107351728,14.754111302964022,165.05765713174185,0.6097918366991338,10.52631579,89.47368421,62.41853371068464,66.22018338502932,Oceania
Nepal,63.837,0.582002668,24.31912877,2.990033223,0.942,0.452,0.602,0.449,41.0992,16.31632,15.5418663,78.691,80.772,25.41528239,5.58,186.0,0.584,33.63363363,66.36636637,28.82630932,44.72901025,Asia
Netherlands,2.804,8.059593325,6.697945352,20.82890542,0.968,0.025,0.941,0.878,4.86674,11.89275,3.334346056,62.444,71.315,6.695005313,32.26,5.0,0.745,39.11111111,60.88888889,89.80818939,92.67472839,Europe
New Zealand,12.63,6.941846236,7.486808254,19.31696905,0.975,0.088,0.937,0.865,1.840131778,16.44939836,4.170894623,65.075,75.33,7.684098186,30.7,9.0,0.756,49.16666667,50.83333333,82.03005219,81.80406952,Oceania
Nicaragua,85.648,0.76589307,22.12122876,2.99850075,0.956,0.424,0.667,0.516,25.79903661,30.693801,9.870848656,46.803,81.299,22.63868066,5.4,98.0,0.647,50.54945055,49.45054945,51.22,49.74,America
Niger,170.462,0.069832068,26.71059986,2.0,0.835,0.611,0.4,0.292,34.96483,16.43389921,28.73307037,61.73,84.267,27.0,4.19,509.0,0.392,25.90361446,74.09638554,9.163241563,15.23277103,Africa
Nigeria,101.675,0.608631271,36.02441703,2.056074766,0.863,0.68,0.535,0.341,40.41507,28.05169,39.60649109,47.93,59.591,36.26168224,3.6,917.0,0.524,4.47761194,95.52238806,40.35792136,55.28503224,Africa
North Macedonia,16.367,3.430253041,10.64682541,8.181818182,0.945,0.134,0.77,0.686,8.36817,19.15726,4.415046215,42.397,63.444,10.90909091,12.29,7.0,0.707,41.66666667,58.33333333,61.9025116,75.12754822,Europe
Norway,2.336,7.615046075,5.435151511,23.62122789,0.983,0.016,0.961,0.908,2.3324,11.43144,2.541614532,60.294,71.95,5.51508845,38.82,2.0,0.734,44.9704142,55.0295858,99.09422302,99.28356171,Europe
Oman,9.944,12.17292984,13.04890453,12.99019608,0.9,0.3,0.816,0.708,11.94880067,20.08885691,7.109055996,28.721,85.042,13.23529412,8.91,19.0,0.71,9.88372093,90.11627907,96.64070129,99.91072845,Asia
Pakistan,42.269,1.062756182,29.21919322,2.389705882,0.81,0.534,0.544,0.38,43.52795,17.23416,26.89546967,20.727,78.079,30.14705882,3.45,140.0,0.531,19.90950226,80.09049774,22.06782913,28.67371941,Asia
Palau,42.52,12.12335581,15.701057167510214,11.977751664794042,0.9730527442344356,0.36074407478754855,0.767,0.6523746770088271,2.180765728,32.44780879126285,12.47459698,44.08527804142022,67.51244360924443,16.060712200597855,6.82547753460559,78.079104862172,0.6761125170192492,6.896551724,93.10344828,96.88913727,97.33132172,Oceania
"Palestine, State of",43.469,0.568234611,17.62148711,10.2770209464152,0.891,0.3972526445895622,0.715,0.584,10.97456434,31.64,10.249897,16.667,66.286,18.32167832,21.227663979035917,27.0,0.6375516870469342,24.70031587889254,75.2996841213582,67.92896271,67.63430786,Asia
Panama,69.912,2.498280904,19.60325211,8.074534161,1.017,0.392,0.805,0.64,11.37222672,36.569706,10.8678236,50.39,72.572,20.49689441,13.48,52.0,0.74,22.53521127,77.46478873,70.17552185,68.69452667,America
Papua New Guinea,55.25,0.74349862,28.47612536,3.046594982,0.931,0.725,0.558,0.397,35.65204,28.89932,20.87701607,46.254,48.14,28.85304659,5.23,145.0,0.541,0.0,100.0,10.78,15.52,Oceania
Paraguay,70.347,1.061291226,18.32046414,9.623430962,0.99,0.445,0.717,0.582,13.15316,30.441064,11.36716843,59.636,84.214,18.82845188,18.93,84.0,0.648,16.8,83.2,52.54085159,53.97874069,America
Peru,56.756,1.355886751,16.42213438,5.380577428,0.95,0.38,0.762,0.635,14.32733,26.300654,8.638419151,66.069,81.875,16.66666667,9.43,88.0,0.721,40.0,60.0,59.31188046,69.93792068,America
Philippines,48.202,1.241254444,17.52378166,5.007153076,0.99,0.419,0.699,0.574,10.0958,28.09546,14.38008499,43.836,68.302,17.88268956,8.77,121.0,0.664,28.04878049,71.95121951,73.35157013,69.08991241,Asia
Poland,9.653,7.9159743,6.831017673,14.04109589,1.008,0.109,0.876,0.816,4.45925,12.10742,3.926383018,49.2,65.489,6.849315068,17.85,2.0,0.753,27.54919499,72.45080501,86.51820374,90.7297821,Europe
Portugal,7.444,3.960866197,10.56989309,8.545034642,0.994,0.067,0.866,0.773,13.05276,15.46189,3.195029259,53.975,62.208,10.73903002,12.25,8.0,0.792,40.0,60.0,59.74694061,61.92316818,Europe
Qatar,7.069,37.01945087,16.558985756279547,42.57309942,1.019,0.22,0.855,0.7214329929552883,11.22725944,34.57751590378402,3.872181892,57.215,95.456,17.302334462583516,33.72,9.0,0.491,4.444444444,95.55555556,79.76019329,69.62825676,Asia
Romania,36.376,3.715362722,10.40918618,10.10962241,0.994,0.282,0.821,0.733,5.43438,20.89714,4.896038532,42.795,62.34,10.71863581,16.04,19.0,0.738,18.49462366,81.50537634,88.81739807,93.70266724,Europe
Russian Federation,14.988,10.8071526,8.408886355,12.28710462,1.016,0.203,0.822,0.751,2.036,17.645,5.545659065,54.489,69.717,8.637469586,9.49,17.0,0.721,16.4516129,83.5483871,92.77286721,95.90374729,Europe
Rwanda,32.444,0.079731518,24.64764153,0.936329588,0.954,0.388,0.534,0.402,27.35907,27.19248,19.39137459,82.501,82.226,24.71910112,2.0,248.0,0.529,55.66037736,44.33962264,11.44769934,16.31111198,Africa
Saint Kitts and Nevis,38.154,3.985789207,17.977667904463672,10.304965356880896,0.9603220085243522,0.3291908089125021,0.777,0.6395323740557268,18.391124666670652,27.583360540096713,7.958518505,47.88938128802288,71.32458393604642,18.602583776989494,15.915510666340914,63.13699283568798,0.6894664832639303,25.0,75.0,60.430240894641685,63.824723426715764,America
Saint Lucia,36.918,2.395617202,21.32341215,9.868187523639959,1.011,0.381,0.715,0.559,27.30567775,27.39586,9.268698692,63.158,73.228,21.81818182,17.443994926603132,117.0,0.6369015286762459,24.13793103,75.86206897,49.85380936,43.81652069,America
Saint Vincent and the Grenadines,47.871,1.882819542,18.329697632857272,9.826775673965008,0.97,0.39,0.751,0.6174281793621631,9.166052393,36.70213176358018,9.120908737,52.913,74.1,18.794929099647547,18.21098089258244,68.0,0.6689093288916272,18.18181818,81.81818182,44.06853867,39.61914825,America
Samoa,43.589,1.238975072,13.10658815,10.174392508634273,0.957,0.418,0.707,0.613,7.02996,21.87008,10.41972446,30.7,54.237,13.29561528,19.967463406255618,43.0,0.6363268477157334,7.843137255,92.15686275,79.1274861,71.58292158,Oceania
San Marino,3.751,5.484108000751015,16.88020810277318,10.824839946478209,0.9969349833166761,0.19617871635534012,0.853,0.7047089787181229,5.562256324,42.24633172629678,2.832036257,46.314885566835216,69.16819939504389,17.737758452772542,14.705707609652439,2.0,0.7617632315820357,33.33333333,66.66666667,81.75823975,84.284729,Europe
Sao Tome and Principe,79.418,0.514421037,18.42481067,10.377621707976898,0.907,0.494,0.618,0.503,18.69702,26.209,10.36841202,37.137,69.876,18.60841424,21.51894614874682,130.0,0.5393287448265862,23.63636364,76.36363636,39.87447381,48.40198103,Africa
Saudi Arabia,11.937,17.96720336,17.399714349624986,27.08571429,0.917,0.247,0.875,0.729969047054247,18.11940114,28.975806187205,5.103935719,30.937,80.146,18.146865295067403,30.03,17.0,0.638,19.86754967,80.13245033,71.27487946,80.92530823,Asia
Senegal,66.454,0.624178545,29.54915667,2.348336595,0.874,0.53,0.511,0.354,47.1353,23.384,18.12817001,33.51,56.729,30.72407045,4.09,315.0,0.499,43.03030303,56.96969697,11.14758684,30.92489003,Africa
Serbia,14.897,4.936885477,9.933117503,10.8478803,0.982,0.131,0.802,0.72,7.19484,18.49592,4.10859251,46.618,62.272,10.2244389,15.65,12.0,0.715,39.2,60.8,88.57485199,95.30072021,Europe
Seychelles,53.444,4.993238228,15.14949785,10.404501174734488,0.985080580277415,0.330732995228049,0.785,0.661,6.65648,29.34535638,9.446657181,51.475501341467485,71.38180412766926,15.79617834,14.55886618739041,53.0,0.6987868868574104,22.85714286,77.14285714,75.20128117708364,76.10523382247122,Africa
Sierra Leone,100.905,0.109965133,34.15862986,1.048218029,0.893,0.633,0.477,0.309,47.50289,19.85569,35.11730957,56.086,55.925,35.22012579,2.12,1120.0,0.472,12.32876712,87.67123288,34.74049907,51.53708467,Africa
Singapore,2.623,7.777989731,12.40971664,29.1799787,0.992,0.04,0.939,0.817,10.00732115,24.96040064,2.261428118,59.406,76.828,12.99254526,50.43,8.0,0.665,29.80769231,70.19230769,80.46401978,85.93203735,Asia
Slovakia,26.307,5.628647446,5.168764951,12.97169811,0.999,0.18,0.848,0.803,1.74792,9.06554,4.692834854,54.743,66.415,5.306603774,19.14,5.0,0.738,22.66666667,77.33333333,98.86412048,99.18135071,Europe
Slovenia,4.478,6.042989257,4.371241934,16.23093682,0.999,0.071,0.918,0.878,2.05965,8.30524,2.748835802,53.763,62.188,4.357298475,25.38,7.0,0.769,21.53846154,78.46153846,97.61309052,98.74433899,Europe
Solomon Islands,60.251,0.434978832,17.605425496924717,9.597624932163876,1.0057411518448671,0.388947900742066,0.564,0.47726414815226814,13.208574961023391,27.528208007733372,12.07949352,83.057,87.398,17.736928291551266,19.910133137834606,104.0,0.49269065458488304,8.0,92.0,56.46964963026268,60.654299413924676,Oceania
Somalia,117.994,0.035369795,25.986414981954223,1.6100056441788642,0.8295016540989221,0.6371085234862247,0.5039500638848207,0.3906959091650176,15.277446394464027,24.35,38.33179855,20.901,46.978,26.106834959508603,3.5,829.0,0.5029635648762091,24.62006079,75.37993921,63.2740390998942,70.86674172403907,Africa
South Africa,61.206,7.620419537,31.05112691,9.116409537,0.944,0.405,0.713,0.471,17.29413,56.996,18.86325073,46.212,59.883,33.94109397,7.55,119.0,0.648,45.98214286,54.01785714,68.89771271,87.66622162,Africa
South Sudan,99.199,0.105344736,36.25986686,2.337662338,0.843,0.587,0.385,0.245,39.55255,32.25296,36.97409058,70.44,73.574,36.36363636,4.78,1150.0,0.376,32.33438486,67.66561514,26.53763962,36.35723877,Africa
Spain,6.281,4.468313378,12.64302265,9.502762431,0.986,0.057,0.905,0.788,15.73379,19.31195,2.883327961,52.654,62.412,12.9281768,13.48,4.0,0.819,42.27642276,57.72357724,78.534729,83.16280365,Europe
Sri Lanka,15.65,0.985665463,13.18638698,2.685421995,0.949,0.383,0.782,0.676,11.99693,22.36351,5.198720932,30.897,68.495,13.55498721,4.36,36.0,0.761,5.381165919,94.61883408,83.96347046,84.23522186,Asia
Sudan,79.908,0.430091637,33.47931716,5.511811024,0.87,0.553,0.508,0.336,42.45021,33.0,24.98774147,28.653,67.819,33.85826772,11.25,295.0,0.48,31.04166667,68.95833333,16.42,20.12,Africa
Suriname,56.137,3.791474042,25.34968467,10.073594168918552,1.001,0.427,0.73,0.532,18.36769,46.69631,10.98505402,43.449,65.065,27.12328767,15.673037268439197,120.0,0.6565576974092621,29.41176471,70.58823529,69.91561694,70.65886296,America
Sweden,3.345,3.825506114,6.416554863,15.20591341,0.988,0.023,0.947,0.885,3.8679,12.77164,2.610124588,61.651,68.009,6.546990496,26.72,4.0,0.803,46.99140401,53.00859599,91.80840302,92.22470093,Europe
Switzerland,2.212,3.731913422,6.89990636,17.25571726,0.967,0.018,0.962,0.894,2.01457,15.58172,3.103429079,61.728,72.705,7.068607069,31.14,5.0,0.796,39.83739837,60.16260163,96.8586731,97.53341675,Europe
Syrian Arab Republic,38.72,1.744614402,18.265714297181486,2.079722704,0.825,0.477,0.577,0.47766223346331493,23.83789189708852,17.973930877743516,12.98532009,15.715,70.767,18.61102847434048,1.91,31.0,0.565,11.2,88.8,37.12,43.372,Asia
Tajikistan,45.427,0.990569475,12.34022282,3.357664234,0.909,0.285,0.685,0.599,6.03825,14.4674,16.51501846,30.21,50.534,12.55474453,5.75,17.0,0.662,23.40425532,76.59574468,93.50186807,94.58824356,Asia
Tanzania (United Republic of),123.652,0.183121172,23.69202603,0.910746812,0.943,0.56,0.549,0.418,26.96013,22.4,21.7159481,79.528,87.098,23.86156648,1.58,524.0,0.544,36.8556701,63.1443299,13.00208063,19.10147619,Africa
Thailand,32.744,3.692920935,14.16798364,8.125,1.012,0.333,0.8,0.686,16.84539,18.7899,6.868660927,58.992,75.027,14.25,11.75,37.0,0.735,13.93775372,86.06224628,47.62686157,51.66852951,Asia
Timor-Leste,33.877,0.398727289,26.24257376,10.18549724927168,0.917,0.378,0.607,0.44,44.91179,13.58745,20.22848129,60.987,72.24,27.51235585,21.173163387149792,142.0,0.5270778516047201,38.46153846,61.53846154,33.73693085,41.76971436,Asia
Togo,77.88,0.264726786,30.7737213,2.040816327,0.849,0.58,0.539,0.372,37.72766,26.85326,27.74024391,55.488,59.369,30.98330241,4.14,396.0,0.528,18.68131868,81.31868132,13.93464167,42.29159483,Africa
Tonga,18.965,1.359761578,10.43202966,10.01378671815017,0.965,0.631,0.745,0.666,4.30943,18.24092,8.745738983,37.292,55.263,10.60402685,19.388905657292334,52.0,0.6685032879258873,0.0,100.0,93.52619044,93.14792163,Oceania
Trinidad and Tobago,38.132,25.37313646,13.891570824624806,14.576176780443905,0.985,0.344,0.81,0.6897962855983487,12.05892958879334,18.740598818482756,10.87518406,46.651,67.961,14.416337676839628,-8.315617591754163,67.0,0.6967308686986557,32.43243243,67.56756757,84.8022413,80.64749944,America
Tunisia,6.685,2.379863502,19.18297336,6.019151847,0.931,0.259,0.731,0.588,30.70285,16.88955,9.956520081,25.493,67.15,19.5622435,9.17,43.0,0.687,26.26728111,73.73271889,42.92002694,51.79512793,Africa
Turkey,16.884,4.657320907,14.195661,11.575179,0.937,0.272,0.838,0.717,13.64287582,23.07928288,5.864824295,31.843,69.407,14.43914081,17.49,17.0,0.741,17.33333333,82.66666667,56.30186081,75.94152832,Asia
Turkmenistan,21.769,12.49132843,16.37204107,15.16778523,0.956,0.177,0.745,0.619,2.94467,26.20491,19.9665432,36.54,55.59,16.91275168,13.13,7.0,0.632,25.0,75.0,93.47375488,92.15588379,Asia
Tuvalu,33.085,0.641460312,15.49879814,9.67950992578041,0.9453831633897817,0.4045040021860403,0.641,0.541,9.17696,22.94714,14.37229443,46.793550797087995,69.00198196940975,15.60062402,19.82214329906681,126.78195201390895,0.574444691041498,6.25,93.75,60.04902649,60.71810913,Oceania
Uganda,107.938,0.106954357,24.41962152,0.952380952,0.927,0.53,0.525,0.396,27.91438,24.94038796,20.4040966,64.172,71.306,24.57142857,1.92,375.0,0.52,33.81294964,66.18705036,29.34,36.32,Africa
Ukraine,15.642,4.891161661,5.967098327,9.055627426,1.012,0.2,0.773,0.726,3.59926,8.524722702,5.777312279,48.098,63.567,6.080206986,11.91,19.0,0.703,20.80378251,79.19621749,96.1699095,95.79626511,Europe
United Arab Emirates,3.085,15.19333592,17.280120708804876,43.13940724,0.953,0.049,0.911,0.7739508656259678,12.63435527,34.6810806606554,4.524926186,46.542,88.003,18.23736770081493,68.95,3.0,0.518,50.0,50.0,81.99700165,85.59674072,Asia
United Kingdom,10.541,4.854886819,8.243507931,11.84068891,0.987,0.098,0.929,0.85,2.84785,17.96959,3.913083792,58.044,67.091,8.503767492,17.85,7.0,0.819,31.08013937,68.91986063,99.80036926,99.80490875,Europe
United States,15.966,14.23786361,10.63809158,24.21281216,1.001,0.179,0.921,0.819,2.745849765,23.222,5.946424961,55.227,66.437,11.07491857,29.65,19.0,0.698,26.96629213,73.03370787,96.54834747,96.36666107,America
Uruguay,36.226,1.681218748,11.83641913,9.394313968,1.022,0.235,0.809,0.71,6.54951,23.543408,5.416339397,54.778,69.25,12.23733004,17.49,17.0,0.733,26.15384615,73.84615385,59.55147171,55.45653915,America
Uzbekistan,15.859,3.369793419,17.5704822806502,5.364511692,0.944,0.227,0.727,0.6015968294691558,0.550110115,43.643685182911234,8.517651558,44.898,70.916,18.324552477055835,6.12,29.0,0.688,28.74493927,71.25506073,99.87657928,99.95916748,Asia
Vanuatu,64.063,0.591056341,16.43560595039686,11.054445744085596,0.9540100477121015,0.45788998380843043,0.607,0.5201768537935811,15.59399826040542,19.68256999,14.0302496,59.721,78.006,16.50851466757888,22.82240645773785,72.0,0.5228553249370989,0.0,100.0,57.54054570756802,61.572274083354735,Oceania
Venezuela (Bolivarian Republic of),82.715,2.975442345,14.16183998,6.657018813,0.983,0.492,0.691,0.592,8.67058997,21.0,12.81492996,34.348,67.813,14.32706223,9.6,125.0,0.645,22.15568862,77.84431138,79.84323438,75.37381958,America
Viet Nam,34.6,2.612563309,14.32867907,5.832147937,1.002,0.296,0.703,0.602,15.25479,14.60094,13.1303072,69.637,79.437,14.36699858,8.52,43.0,0.662,30.26052104,69.73947896,61.2890892,69.64498901,Asia
Yemen,54.404,0.327509951,31.54348443,1.538461538,0.496,0.82,0.455,0.307,46.13765,21.80323,26.68957329,5.995,67.637,32.52747253,2.89,164.0,0.448,0.294117647,99.70588235,22.44,37.52,Asia
Zambia,117.017,0.3575346,30.10964459,1.415929204,0.965,0.54,0.565,0.39,20.43572,44.84022,25.05299377,69.23,77.847,30.97345133,2.38,213.0,0.557,15.06024096,84.93975904,47.10420099,56.81189742,Africa
Zimbabwe,94.312,0.708561788,22.47084979,1.011804384,0.961,0.532,0.593,0.458,14.60503,28.76901,24.03850937,79.308,88.933,22.76559865,1.21,458.0,0.587,34.57142857,65.42857143,61.76821107,72.4445032,Africa
